PassengerId,Survived,Pclass,Name,Sex,Age,Fare,Cabin
1.0,0,,Person_0,female,17.2,49.16,
2.0,1,3.0,,male,,43.4,
3.0,0,,Person_2,,,32.19,D12
4.0,0,,Person_3,male,,,D12
5.0,0,,,female,40.8,74.36,D12
6.0,1,1.0,Person_5,female,,90.13,D12
7.0,0,1.0,Person_6,male,,94.48,
,0,1.0,Person_7,female,24.5,,D12
,0,1.0,Person_8,female,36.0,,
10.0,1,2.0,Person_9,male,34.7,57.09,C23
11.0,0,3.0,Person_10,male,32.2,32.88,
,0,1.0,Person_11,female,64.5,72.03,
13.0,0,2.0,Person_12,male,25.9,31.5,
14.0,0,2.0,Person_13,female,24.3,38.71,
15.0,1,3.0,Person_14,female,,8.7,
16.0,0,1.0,Person_15,,,36.07,
17.0,1,3.0,,female,12.9,57.62,D12
,1,1.0,,male,19.9,,E31
19.0,1,,Person_18,male,48.3,39.4,
20.0,0,2.0,Person_19,male,30.5,18.85,
21.0,1,2.0,,male,32.7,94.92,
,0,2.0,Person_21,female,28.7,34.86,D12
,1,3.0,Person_22,female,,,
24.0,1,1.0,Person_23,male,49.6,,
25.0,1,1.0,Person_24,female,2.1,40.26,
26.0,1,3.0,Person_25,,47.1,119.01,
27.0,1,1.0,,female,-5.2,64.26,
28.0,1,,Person_27,male,30.4,45.61,D12
29.0,1,1.0,,male,60.7,22.27,C23
30.0,1,,,male,,59.91,C23
31.0,0,3.0,Person_30,female,35.2,,
,0,,,male,58.0,59.35,B45
,1,3.0,Person_32,male,,,
,1,1.0,,,36.1,66.16,
35.0,1,,,,38.1,48.54,C23
,0,,,,22.7,,
37.0,1,1.0,Person_36,male,23.9,39.36,
38.0,0,2.0,Person_37,female,22.4,,
39.0,0,3.0,Person_38,female,31.2,,
40.0,0,3.0,,male,37.7,78.27,
,0,1.0,Person_40,male,31.7,,B45
42.0,0,1.0,Person_41,female,39.9,36.21,C23
43.0,1,1.0,Person_42,,,21.74,B45
44.0,1,,,male,26.9,63.62,
45.0,1,,Person_44,,15.7,59.35,
46.0,1,,Person_45,male,,36.54,B45
47.0,1,3.0,Person_46,male,34.0,28.72,
48.0,0,,Person_47,female,,106.29,
49.0,1,1.0,Person_48,male,37.1,,C23
,1,3.0,Person_49,male,44.0,,C23
51.0,0,2.0,Person_50,male,29.2,88.74,
52.0,1,1.0,Person_51,male,15.3,51.6,
53.0,0,1.0,Person_52,female,7.9,73.82,
,1,3.0,Person_53,female,30.5,43.39,
55.0,0,1.0,Person_54,female,33.4,57.68,C23
56.0,1,2.0,Person_55,male,16.4,,D12
57.0,1,3.0,Person_56,male,40.2,82.26,E31
58.0,0,1.0,Person_57,,23.6,60.89,
59.0,0,3.0,Person_58,male,6.8,,
,0,1.0,Person_59,male,47.6,23.03,
,0,,Person_60,female,46.0,106.47,
62.0,0,1.0,Person_61,female,1.8,50.3,E31
63.0,0,2.0,Person_62,female,22.1,,C23
64.0,0,2.0,Person_63,female,,107.83,
65.0,0,3.0,Person_64,male,53.0,3.35,
66.0,1,1.0,Person_65,male,28.6,30.35,C23
67.0,1,1.0,Person_66,female,9.1,,C23
68.0,0,,Person_67,male,42.3,48.55,
69.0,1,1.0,Person_68,female,12.8,55.61,E31
70.0,1,2.0,,female,,56.9,C23
71.0,1,1.0,Person_70,male,19.2,81.62,
72.0,1,3.0,Person_71,female,22.2,,D12
73.0,0,1.0,Person_72,male,,,
74.0,1,1.0,,male,51.3,33.17,E31
75.0,0,2.0,Person_74,male,12.2,26.54,E31
76.0,1,1.0,Person_75,male,,,B45
77.0,1,1.0,Person_76,female,19.7,62.78,B45
78.0,1,2.0,,male,,44.5,
79.0,0,3.0,Person_78,,,9.64,E31
80.0,1,3.0,,female,15.6,70.46,C23
81.0,0,2.0,,female,36.6,38.23,B45
82.0,1,,Person_81,female,40.2,,E31
,0,2.0,Person_82,,23.9,48.36,E31
84.0,1,2.0,Person_83,male,,42.8,D12
85.0,0,2.0,Person_84,female,12.2,,
,0,3.0,,female,48.8,11.6,E31
87.0,1,3.0,,male,2.8,46.63,
88.0,0,,Person_87,female,67.8,71.09,E31
89.0,1,1.0,Person_88,male,24.3,57.94,
90.0,1,2.0,Person_89,female,13.7,78.44,
91.0,1,1.0,Person_90,male,26.7,,
92.0,1,2.0,Person_91,,15.3,,
93.0,1,2.0,,,35.4,42.62,B45
94.0,1,,Person_93,male,49.1,,
95.0,1,1.0,,female,16.1,34.69,C23
96.0,1,,Person_95,,38.1,56.35,
97.0,1,,,male,8.5,34.91,
98.0,1,3.0,,female,44.5,12.5,
99.0,1,3.0,Person_98,,35.8,33.23,
,0,3.0,Person_99,male,,60.2,
101.0,0,1.0,Person_100,,,70.14,
102.0,1,,Person_101,,,69.84,
103.0,1,2.0,,,,62.73,
,1,2.0,Person_103,female,,44.96,
105.0,1,3.0,Person_104,,5.6,62.15,E31
,1,3.0,Person_105,female,29.9,48.73,D12
107.0,1,3.0,,female,24.5,53.39,
108.0,1,2.0,,,37.8,21.82,E31
109.0,1,2.0,Person_108,female,,51.32,
,0,,Person_109,male,,61.36,C23
111.0,1,2.0,Person_110,female,44.2,60.23,
112.0,0,2.0,Person_111,female,34.5,11.37,
,1,2.0,Person_112,male,36.9,52.89,
114.0,1,2.0,Person_113,,28.4,6.68,
115.0,0,3.0,Person_114,female,36.5,55.21,
116.0,1,3.0,Person_115,male,32.3,28.96,B45
117.0,0,3.0,,female,,101.17,
118.0,1,3.0,Person_117,,,53.58,
119.0,1,2.0,,,,74.03,
120.0,0,,,male,,113.33,
,1,2.0,,female,29.7,25.48,C23
122.0,0,1.0,Person_121,female,48.4,,
123.0,1,3.0,Person_122,female,16.7,,
,0,,,female,,60.35,
125.0,0,3.0,Person_124,male,35.1,102.97,
126.0,1,2.0,Person_125,male,26.4,,C23
127.0,1,3.0,Person_126,,44.2,,
128.0,0,1.0,Person_127,female,28.2,47.26,C23
129.0,1,1.0,,male,,,C23
130.0,1,1.0,Person_129,male,,73.13,
,1,2.0,Person_130,female,45.3,22.85,
132.0,0,1.0,Person_131,male,38.1,93.65,
133.0,0,2.0,Person_132,,-4.1,0.35,
,0,1.0,Person_133,male,32.6,114.1,
135.0,0,1.0,,male,33.3,75.69,
,0,2.0,Person_135,male,29.7,102.91,
,0,2.0,,male,21.4,0.57,C23
138.0,0,,Person_137,female,46.7,55.08,C23
,0,2.0,Person_138,male,47.4,,
140.0,0,1.0,Person_139,,-0.8,19.79,
141.0,1,2.0,Person_140,female,18.8,11.12,
,0,,Person_141,male,28.0,,D12
143.0,1,3.0,Person_142,male,,67.93,
144.0,1,3.0,Person_143,female,30.5,89.0,D12
145.0,1,3.0,Person_144,male,20.4,34.9,
146.0,0,3.0,Person_145,female,39.9,45.75,C23
147.0,0,1.0,Person_146,female,,8.53,C23
148.0,0,,Person_147,female,28.4,96.22,
149.0,0,3.0,Person_148,female,29.6,52.09,
150.0,1,3.0,Person_149,male,38.0,71.68,C23
151.0,0,3.0,,,25.7,72.74,
152.0,0,2.0,Person_151,,39.6,93.77,
153.0,0,1.0,Person_152,,29.0,,B45
154.0,0,,Person_153,male,15.1,70.93,E31
155.0,0,3.0,Person_154,,,49.25,
156.0,1,3.0,Person_155,,,113.17,
,0,,Person_156,male,30.6,24.97,
158.0,1,2.0,Person_157,male,41.6,85.14,
159.0,0,,Person_158,,15.0,60.51,
,1,,,male,35.1,58.94,E31
,0,3.0,Person_160,male,,51.62,
162.0,0,3.0,Person_161,,32.8,90.4,
163.0,1,1.0,Person_162,female,42.0,,C23
164.0,1,1.0,Person_163,female,0.2,,D12
165.0,1,,Person_164,male,14.4,86.59,
166.0,0,2.0,Person_165,female,24.8,81.09,
167.0,1,1.0,Person_166,female,34.4,67.61,
168.0,0,,Person_167,female,27.7,16.15,
169.0,0,1.0,Person_168,male,29.4,20.81,
170.0,1,2.0,Person_169,male,58.6,6.32,
171.0,1,1.0,,male,13.0,63.81,B45
,0,1.0,Person_171,,45.9,9.51,C23
173.0,0,1.0,,female,25.1,1.56,
174.0,1,2.0,,female,37.7,88.25,D12
,1,2.0,Person_174,female,59.8,73.05,
176.0,1,2.0,Person_175,female,39.6,,
177.0,0,1.0,Person_176,male,35.2,,
178.0,0,,Person_177,male,52.4,22.22,
179.0,0,,Person_178,male,45.7,77.5,C23
180.0,0,1.0,,,18.8,29.22,
181.0,0,,,male,34.1,,
182.0,0,1.0,,,6.0,,
,1,2.0,Person_182,female,,79.33,
184.0,0,,Person_183,female,34.4,,
,0,,,,21.6,,B45
186.0,0,1.0,Person_185,male,33.8,39.81,E31
187.0,1,2.0,Person_186,male,29.8,32.11,
188.0,0,,Person_187,male,,82.23,
189.0,0,2.0,,male,24.1,,
,1,3.0,Person_189,male,16.8,90.88,
191.0,0,3.0,Person_190,,50.7,,
192.0,0,1.0,Person_191,female,23.1,76.83,
193.0,0,,Person_192,female,,49.94,
194.0,0,,,male,50.1,88.16,
,0,1.0,,female,32.3,,E31
196.0,1,1.0,Person_195,,18.0,53.41,
197.0,1,3.0,,male,27.5,,
198.0,1,1.0,Person_197,female,44.2,91.9,
199.0,0,3.0,Person_198,,,94.97,
200.0,0,3.0,Person_199,male,13.1,50.01,
201.0,0,3.0,Person_200,female,,11.25,
202.0,1,2.0,Person_201,,40.8,62.81,
203.0,0,,Person_202,female,25.0,0.06,
204.0,0,2.0,,male,38.5,98.78,
,1,3.0,Person_204,female,33.4,35.8,
206.0,0,2.0,Person_205,female,27.2,49.08,D12
207.0,1,2.0,Person_206,male,11.9,29.57,D12
208.0,1,1.0,Person_207,female,45.1,22.95,
209.0,1,2.0,Person_208,female,,72.12,
210.0,0,2.0,Person_209,female,38.2,45.24,D12
211.0,0,3.0,Person_210,male,51.6,,
212.0,0,3.0,,male,43.2,,
,0,3.0,Person_212,male,39.6,75.68,C23
214.0,0,3.0,Person_213,male,-1.0,78.73,
215.0,0,3.0,Person_214,female,46.8,43.73,
216.0,0,3.0,Person_215,male,31.2,88.04,B45
217.0,1,2.0,,male,34.4,46.88,
218.0,0,3.0,Person_217,female,34.5,,C23
219.0,1,3.0,Person_218,female,40.8,1.31,
220.0,0,1.0,Person_219,female,,60.6,D12
221.0,0,2.0,Person_220,male,38.9,41.86,E31
222.0,0,2.0,,,36.7,54.67,D12
223.0,1,2.0,Person_222,male,,53.32,
224.0,1,3.0,Person_223,,-16.9,53.77,
225.0,1,3.0,Person_224,,,,
226.0,1,3.0,,male,16.8,33.04,
227.0,0,1.0,Person_226,female,47.0,67.07,
,1,3.0,Person_227,female,38.7,86.98,C23
,0,1.0,Person_228,female,23.6,,C23
230.0,0,2.0,Person_229,male,,,E31
231.0,1,3.0,,female,24.5,27.84,
232.0,1,1.0,,female,,17.24,
,1,1.0,,male,9.8,35.76,
,1,3.0,Person_233,,6.7,80.99,E31
235.0,1,2.0,,female,30.4,93.43,B45
236.0,1,2.0,Person_235,,45.1,53.19,D12
237.0,1,2.0,,male,22.5,40.27,E31
238.0,1,,Person_237,,34.2,,C23
239.0,0,1.0,Person_238,female,40.3,20.92,
240.0,1,1.0,Person_239,female,16.1,18.34,
241.0,1,,,female,29.7,19.65,C23
,0,2.0,,female,20.7,18.03,
243.0,1,3.0,Person_242,male,52.5,26.99,
,0,1.0,Person_243,female,51.9,,E31
245.0,0,1.0,Person_244,female,16.1,32.83,E31
246.0,1,2.0,Person_245,,,37.5,B45
247.0,0,,,female,44.9,68.59,
248.0,0,3.0,,male,,62.32,C23
249.0,0,,Person_248,,31.1,,
250.0,0,2.0,,,48.3,54.83,
251.0,1,3.0,Person_250,male,17.3,61.23,
252.0,0,1.0,,,25.8,5.16,B45
,1,3.0,Person_252,,17.7,20.35,
254.0,0,2.0,Person_253,female,41.0,3.48,E31
255.0,0,1.0,Person_254,female,21.8,67.18,
256.0,0,1.0,Person_255,male,27.6,60.46,
257.0,0,2.0,,female,38.6,59.41,C23
258.0,1,2.0,Person_257,male,39.8,23.56,
259.0,1,2.0,Person_258,male,17.3,,
260.0,0,3.0,,female,44.8,56.28,
261.0,0,3.0,,male,,29.92,B45
262.0,1,1.0,,female,14.9,,
,0,2.0,Person_262,female,11.4,34.75,C23
264.0,0,1.0,Person_263,female,29.8,30.18,
265.0,0,,Person_264,female,41.9,24.0,
266.0,1,1.0,Person_265,female,42.3,13.23,E31
,1,1.0,,male,35.0,63.46,
268.0,1,2.0,Person_267,male,30.7,96.68,E31
269.0,0,1.0,Person_268,female,37.2,48.83,C23
,0,,Person_269,female,,56.67,
271.0,1,2.0,Person_270,male,53.6,66.09,
272.0,1,3.0,Person_271,male,53.4,61.0,
,1,2.0,,male,36.0,24.59,
274.0,1,3.0,Person_273,male,32.8,101.6,
275.0,0,2.0,Person_274,female,24.2,27.28,C23
276.0,1,2.0,Person_275,,37.4,69.44,
277.0,0,,Person_276,male,,65.91,C23
278.0,1,3.0,Person_277,female,-1.1,8.75,
279.0,0,3.0,Person_278,,-8.0,39.23,
280.0,1,1.0,,,18.8,51.7,B45
281.0,1,3.0,Person_280,,32.2,,
,1,3.0,Person_281,female,34.6,59.04,C23
283.0,1,3.0,Person_282,male,23.2,72.73,C23
284.0,0,3.0,Person_283,male,,49.77,
285.0,1,,Person_284,female,26.2,60.64,
,0,3.0,Person_285,male,16.0,48.65,C23
,0,,Person_286,female,,19.48,
288.0,0,2.0,,female,41.4,50.97,B45
289.0,0,3.0,Person_288,male,,72.47,
,1,3.0,Person_289,,,83.26,C23
291.0,0,2.0,Person_290,female,15.0,66.12,B45
,0,,Person_291,female,2.9,90.03,
293.0,0,1.0,Person_292,female,23.3,62.57,
294.0,1,2.0,,female,40.0,75.92,
,1,2.0,Person_294,male,32.4,78.12,D12
296.0,1,3.0,Person_295,female,,43.3,
297.0,1,2.0,Person_296,female,31.8,,
298.0,0,1.0,Person_297,,23.2,,
,0,2.0,Person_298,,2.7,,
300.0,1,,,female,41.0,67.31,
301.0,0,3.0,Person_300,male,45.0,,
,0,2.0,Person_301,,,74.62,
,0,,Person_302,,27.9,81.92,D12
,1,1.0,Person_303,,26.7,47.02,C23
,1,1.0,Person_304,,34.9,,
306.0,0,,Person_305,male,53.7,41.75,C23
307.0,1,2.0,Person_306,female,46.2,57.99,C23
,1,2.0,Person_307,male,24.7,4.26,
309.0,1,3.0,,male,37.6,89.95,
310.0,1,1.0,Person_309,,,51.32,C23
311.0,1,1.0,Person_310,female,35.7,37.55,
312.0,0,3.0,Person_311,female,,25.89,E31
313.0,1,1.0,Person_312,male,36.2,48.9,
314.0,0,,Person_313,,20.2,44.05,B45
315.0,0,2.0,Person_314,,,23.09,
,1,,Person_315,male,15.1,29.81,
,0,1.0,Person_316,female,34.3,49.2,
318.0,0,,Person_317,,28.2,32.35,
319.0,0,,Person_318,female,18.5,67.16,
320.0,1,3.0,Person_319,female,27.7,27.54,
321.0,1,1.0,Person_320,male,36.6,54.64,
322.0,0,,,female,56.8,85.4,B45
323.0,1,3.0,Person_322,female,44.2,48.9,C23
324.0,1,1.0,Person_323,,-2.0,,E31
325.0,1,2.0,Person_324,female,,58.78,
326.0,1,2.0,Person_325,male,50.0,50.24,
327.0,0,,Person_326,female,11.3,47.99,C23
,0,1.0,Person_327,male,,32.86,
329.0,1,3.0,Person_328,male,26.7,,
,1,2.0,Person_329,male,46.1,41.5,
,0,,Person_330,male,35.7,96.38,
332.0,0,1.0,Person_331,female,17.6,74.33,D12
333.0,1,2.0,Person_332,male,27.2,6.42,
,0,1.0,Person_333,female,28.0,8.09,
335.0,1,3.0,Person_334,male,28.3,46.09,
336.0,1,1.0,Person_335,male,45.7,38.14,C23
,0,,Person_336,male,18.2,44.5,
338.0,0,1.0,Person_337,female,44.0,,B45
,1,1.0,Person_338,male,25.8,,
340.0,1,,Person_339,,33.1,59.17,
341.0,0,3.0,Person_340,female,31.0,93.39,C23
,1,2.0,Person_341,female,29.7,8.33,
,0,3.0,Person_342,,29.8,53.12,
344.0,1,3.0,Person_343,female,50.4,32.63,
345.0,0,,Person_344,female,41.8,93.06,E31
346.0,0,,,female,24.9,16.28,
347.0,0,1.0,Person_346,female,52.2,,C23
348.0,1,,Person_347,female,,59.14,
349.0,1,2.0,Person_348,,35.0,83.79,
350.0,0,,Person_349,male,,73.2,
351.0,1,2.0,,,23.0,25.97,E31
,0,,Person_351,male,,95.19,
353.0,0,3.0,Person_352,,31.2,13.06,
,1,1.0,Person_353,female,38.9,89.22,
355.0,1,2.0,Person_354,female,35.1,17.02,
356.0,0,3.0,Person_355,female,52.2,39.45,
357.0,1,3.0,Person_356,female,17.6,69.18,C23
358.0,1,1.0,Person_357,female,,6.01,
359.0,0,2.0,Person_358,,12.0,,
,0,1.0,Person_359,female,17.1,39.26,B45
,1,,,,47.7,,
362.0,0,1.0,Person_361,male,23.5,84.87,
363.0,0,1.0,Person_362,,,26.21,
,1,2.0,Person_363,male,0.2,81.82,C23
365.0,0,2.0,,female,18.6,99.22,
366.0,0,3.0,Person_365,female,27.1,30.33,
367.0,1,1.0,,,11.0,91.08,
368.0,1,,Person_367,male,,2.82,C23
369.0,0,1.0,Person_368,female,47.8,61.69,
370.0,0,,,,,13.14,
371.0,1,3.0,Person_370,,16.8,78.28,D12
372.0,1,2.0,Person_371,male,14.3,,
373.0,1,,,female,14.0,112.32,
374.0,1,,,male,,92.64,
375.0,0,1.0,,male,,,
376.0,1,,Person_375,,43.4,17.55,
377.0,1,2.0,Person_376,male,58.3,,
378.0,0,,Person_377,female,4.4,48.18,B45
379.0,1,2.0,Person_378,male,35.3,96.53,
380.0,0,3.0,Person_379,male,14.3,14.99,
381.0,1,2.0,Person_380,female,41.0,115.64,C23
382.0,1,,Person_381,female,26.2,65.96,C23
,1,1.0,Person_382,male,,25.61,
384.0,0,2.0,Person_383,female,,,D12
,0,1.0,Person_384,male,,88.92,
386.0,1,3.0,Person_385,,31.3,,B45
387.0,0,3.0,Person_386,male,49.0,2.95,B45
388.0,0,3.0,Person_387,male,18.9,,
389.0,0,1.0,Person_388,female,,81.18,C23
,0,1.0,Person_389,male,43.2,64.9,
,0,1.0,Person_390,female,18.0,45.3,
392.0,0,1.0,Person_391,,46.0,89.25,C23
393.0,1,3.0,Person_392,,29.9,,
394.0,1,3.0,Person_393,,34.2,74.49,D12
395.0,0,2.0,Person_394,male,,37.68,
396.0,1,2.0,Person_395,female,21.4,,
397.0,1,,Person_396,male,,1.0,
398.0,1,3.0,,female,19.2,42.22,
399.0,1,3.0,,,23.0,78.06,C23
400.0,0,3.0,,male,37.8,43.88,
,1,2.0,Person_400,,34.1,63.37,
402.0,1,2.0,Person_401,male,,83.34,D12
403.0,0,3.0,,,12.4,61.18,D12
404.0,0,3.0,Person_403,female,15.9,64.12,D12
405.0,1,3.0,Person_404,,33.9,9.27,
406.0,1,2.0,Person_405,male,,40.32,
407.0,1,3.0,,,14.5,,
408.0,1,,,male,18.2,,
409.0,1,1.0,,,31.9,106.9,C23
410.0,1,,Person_409,male,31.6,28.31,
,0,,Person_410,male,7.3,,
412.0,1,3.0,,male,32.3,38.52,
413.0,1,3.0,Person_412,male,21.6,67.76,
414.0,0,,Person_413,female,53.0,76.85,E31
415.0,0,2.0,Person_414,male,33.5,68.07,
416.0,0,1.0,Person_415,female,35.9,,
,0,1.0,,male,36.3,49.6,
418.0,1,1.0,Person_417,,13.0,44.28,
419.0,1,1.0,Person_418,,,2.75,E31
420.0,1,3.0,Person_419,male,7.3,69.15,
421.0,1,,Person_420,female,41.1,,C23
422.0,1,1.0,Person_421,female,,,C23
423.0,1,2.0,,male,23.3,44.28,
424.0,0,2.0,Person_423,female,39.3,48.89,C23
425.0,1,2.0,Person_424,female,25.6,42.91,
426.0,0,2.0,Person_425,,,34.16,
427.0,0,,,female,36.6,57.19,
428.0,1,3.0,Person_427,female,15.9,64.52,
429.0,0,2.0,Person_428,female,26.9,26.88,D12
,1,1.0,,,,37.98,
431.0,0,2.0,Person_430,female,,43.86,
,1,2.0,Person_431,male,,,
433.0,0,1.0,Person_432,male,21.7,46.15,
434.0,1,3.0,Person_433,female,,69.79,
,1,,Person_434,,23.0,0.43,
436.0,1,,Person_435,female,50.2,5.75,
437.0,1,3.0,,female,34.8,55.81,C23
438.0,1,,Person_437,male,33.1,,B45
439.0,0,1.0,Person_438,female,39.6,76.53,
440.0,0,1.0,Person_439,female,21.7,85.09,
441.0,0,3.0,Person_440,,,57.01,
442.0,1,1.0,Person_441,female,34.8,,
,0,2.0,,,8.1,81.64,C23
444.0,1,3.0,Person_443,female,,55.97,
445.0,1,3.0,Person_444,female,22.0,5.39,
446.0,0,3.0,Person_445,female,11.5,,C23
447.0,0,,Person_446,male,26.7,95.51,E31
448.0,1,2.0,Person_447,female,15.8,90.53,
,0,3.0,Person_448,male,28.6,,D12
450.0,1,,Person_449,,49.8,,B45
451.0,1,1.0,Person_450,female,,,
452.0,1,3.0,Person_451,female,25.8,49.45,B45
453.0,1,2.0,Person_452,,35.4,,
,1,2.0,Person_453,female,20.3,48.14,C23
,0,2.0,Person_454,male,41.8,69.63,C23
,0,2.0,Person_455,male,36.9,50.18,
457.0,1,3.0,Person_456,female,,36.87,
458.0,1,3.0,Person_457,female,,81.76,E31
459.0,0,,Person_458,male,,56.06,
,0,2.0,Person_459,male,43.2,69.57,D12
461.0,1,3.0,Person_460,male,60.8,54.72,
462.0,0,2.0,Person_461,male,37.4,35.41,
463.0,1,1.0,Person_462,female,9.4,98.25,
464.0,0,2.0,Person_463,female,26.3,60.65,C23
465.0,1,2.0,Person_464,female,6.2,39.35,E31
466.0,0,1.0,Person_465,female,37.4,,
467.0,1,1.0,Person_466,female,,10.38,B45
468.0,0,3.0,Person_467,male,17.6,117.09,
469.0,0,3.0,,,,,E31
470.0,1,1.0,Person_469,female,32.1,,
,0,1.0,Person_470,female,13.2,107.18,D12
472.0,1,3.0,,female,12.2,,
473.0,0,,Person_472,female,47.3,,
474.0,1,1.0,Person_473,male,31.6,71.53,C23
475.0,0,3.0,Person_474,,22.2,85.53,
,1,2.0,Person_475,male,6.3,,
,0,,Person_476,female,41.9,30.58,
478.0,1,2.0,Person_477,male,20.4,56.57,
479.0,0,,Person_478,male,,37.42,
480.0,1,1.0,Person_479,female,42.0,57.47,
481.0,1,2.0,Person_480,female,18.7,98.84,
482.0,1,1.0,Person_481,female,20.0,72.68,
483.0,0,2.0,Person_482,male,54.1,56.2,
484.0,1,,,,28.8,72.15,
485.0,0,3.0,Person_484,,22.8,74.3,E31
486.0,1,,,female,30.4,17.66,D12
487.0,0,2.0,Person_486,male,,51.25,
488.0,1,1.0,Person_487,male,33.4,126.88,B45
,0,1.0,Person_488,,28.9,86.38,
490.0,0,2.0,Person_489,female,42.3,,E31
491.0,1,2.0,Person_490,,24.6,31.9,C23
492.0,0,,Person_491,female,17.6,30.9,
493.0,0,,Person_492,male,25.1,75.99,C23
494.0,1,,,male,25.0,,C23
495.0,0,1.0,Person_494,male,,67.47,
496.0,0,3.0,Person_495,male,,,
497.0,0,2.0,Person_496,female,38.1,36.68,
498.0,1,3.0,,female,46.8,,E31
,0,3.0,Person_498,male,18.6,,
500.0,1,3.0,Person_499,male,,,
501.0,0,1.0,,male,40.2,99.1,
502.0,0,3.0,Person_501,male,20.6,19.83,D12
503.0,0,1.0,Person_502,male,27.1,40.26,C23
504.0,1,1.0,Person_503,female,5.5,,C23
,0,1.0,Person_504,,42.7,93.03,
506.0,0,2.0,Person_505,female,,,C23
507.0,1,1.0,Person_506,female,41.3,14.19,
508.0,0,1.0,,male,32.9,40.96,
509.0,1,2.0,Person_508,,27.4,29.65,B45
510.0,1,1.0,Person_509,male,7.7,,E31
511.0,0,3.0,Person_510,male,10.2,86.96,E31
512.0,1,3.0,Person_511,male,-6.3,26.12,E31
513.0,0,1.0,Person_512,female,22.1,37.66,
,1,,Person_513,male,61.9,35.48,
515.0,1,,,female,12.0,12.3,
516.0,0,2.0,Person_515,female,-6.8,67.56,E31
517.0,1,,,female,43.5,7.55,
,1,3.0,Person_517,female,63.1,11.0,
519.0,1,2.0,Person_518,,,75.53,
,1,3.0,Person_519,female,34.0,95.02,C23
521.0,1,2.0,Person_520,female,25.7,47.72,
522.0,0,3.0,Person_521,female,4.9,13.48,
523.0,1,1.0,,male,9.7,28.83,
524.0,0,3.0,Person_523,male,,80.24,
,1,,Person_524,,22.9,53.49,D12
,0,,Person_525,female,28.4,46.97,
527.0,0,3.0,Person_526,female,41.6,59.39,C23
528.0,1,2.0,,male,21.9,48.87,C23
529.0,1,,Person_528,female,41.9,,D12
530.0,1,3.0,Person_529,male,21.9,27.53,
,0,2.0,,male,44.5,24.08,E31
532.0,1,1.0,Person_531,,31.2,,C23
533.0,0,1.0,Person_532,female,23.9,33.8,E31
,0,1.0,Person_533,,31.0,17.24,E31
,0,,Person_534,female,25.9,56.54,
536.0,1,3.0,,male,31.6,50.63,
537.0,1,3.0,,male,40.6,17.63,
,0,2.0,Person_537,,28.8,67.67,C23
539.0,0,2.0,,male,24.8,,
540.0,1,2.0,Person_539,,14.3,60.74,
,0,1.0,Person_540,female,38.1,26.3,
542.0,1,1.0,Person_541,male,34.9,109.61,
543.0,0,3.0,,male,13.5,72.41,
544.0,1,1.0,Person_543,male,41.7,108.69,
545.0,0,1.0,Person_544,female,13.2,82.72,
546.0,1,1.0,Person_545,female,44.4,88.72,
547.0,0,2.0,Person_546,female,39.6,56.16,
548.0,1,2.0,Person_547,,,42.13,
,1,3.0,Person_548,male,,,D12
550.0,0,,Person_549,male,38.1,28.74,C23
551.0,0,1.0,Person_550,,,63.02,
552.0,1,3.0,,female,38.3,,
553.0,0,1.0,Person_552,male,20.6,51.29,D12
554.0,1,1.0,Person_553,,33.7,,
555.0,0,2.0,Person_554,female,45.8,52.83,D12
556.0,1,3.0,Person_555,female,,101.82,C23
,1,3.0,Person_556,female,,,
558.0,1,3.0,Person_557,female,42.0,80.08,
559.0,1,,Person_558,,,23.65,
560.0,1,2.0,Person_559,male,18.6,78.86,E31
561.0,1,,Person_560,male,54.9,,C23
,0,1.0,Person_561,female,,43.41,
563.0,0,1.0,Person_562,female,41.3,27.22,
564.0,0,1.0,Person_563,male,,42.37,
565.0,1,1.0,Person_564,male,,56.4,
566.0,1,2.0,Person_565,male,,74.86,
567.0,1,3.0,,male,25.8,96.83,
568.0,1,,Person_567,female,,111.05,C23
569.0,0,1.0,,male,48.6,87.39,
570.0,0,2.0,Person_569,male,40.7,33.14,D12
571.0,1,,,male,47.9,40.86,
572.0,0,3.0,,,31.6,72.17,C23
573.0,0,2.0,Person_572,male,34.4,65.59,C23
574.0,1,2.0,Person_573,male,56.6,,
575.0,0,2.0,Person_574,,18.3,124.38,
,1,1.0,Person_575,female,28.6,118.02,B45
577.0,0,2.0,Person_576,female,41.2,94.82,B45
578.0,1,,Person_577,,27.3,,D12
579.0,1,2.0,,,22.0,90.48,B45
580.0,1,3.0,Person_579,male,38.7,99.84,
581.0,1,3.0,Person_580,female,48.7,,B45
,0,,Person_581,,28.0,,
,1,,Person_582,male,,26.98,
584.0,1,3.0,,male,20.9,23.71,
,1,3.0,Person_584,female,25.9,8.54,B45
586.0,0,3.0,,female,45.2,57.5,B45
,1,,Person_586,male,31.1,20.01,
588.0,0,2.0,Person_587,,18.7,26.49,B45
,1,3.0,Person_588,male,33.7,71.04,E31
590.0,0,,Person_589,male,44.7,55.45,
,0,2.0,,male,22.1,,
592.0,1,1.0,Person_591,male,,90.95,
,0,3.0,,,60.7,75.94,
594.0,1,3.0,Person_593,male,10.7,95.57,C23
595.0,1,2.0,,male,25.0,52.4,
,1,3.0,Person_595,,33.2,98.35,
597.0,0,1.0,Person_596,male,26.2,60.79,
,0,,Person_597,female,29.0,55.06,
599.0,1,1.0,Person_598,female,38.1,93.85,D12
600.0,1,,Person_599,female,-3.5,23.84,D12
601.0,0,3.0,Person_600,male,12.3,110.71,B45
602.0,1,,Person_601,female,30.6,,C23
,1,3.0,Person_602,female,24.3,13.46,
604.0,1,3.0,Person_603,male,31.8,69.61,C23
605.0,0,1.0,Person_604,,33.2,38.68,
606.0,0,2.0,Person_605,female,0.4,110.77,D12
,0,1.0,Person_606,female,47.8,37.01,
608.0,1,,Person_607,female,23.0,59.43,C23
609.0,1,1.0,,female,17.9,7.23,
610.0,1,3.0,Person_609,male,,74.39,B45
611.0,0,3.0,,female,,26.68,D12
612.0,1,1.0,Person_611,female,46.8,,
613.0,1,3.0,Person_612,male,33.8,37.15,D12
,1,,Person_613,male,,11.41,
615.0,1,3.0,Person_614,male,16.9,53.94,
616.0,0,2.0,Person_615,female,32.0,52.59,D12
617.0,0,2.0,Person_616,male,14.4,76.43,
618.0,1,,,female,,96.68,E31
619.0,0,1.0,Person_618,female,28.4,107.37,
620.0,0,2.0,,male,,75.92,
621.0,1,,Person_620,,27.9,58.36,E31
622.0,1,2.0,,female,40.3,7.18,
623.0,0,,Person_622,male,7.5,56.06,E31
,1,3.0,Person_623,female,17.4,56.45,
625.0,0,2.0,Person_624,male,29.4,44.04,
,1,3.0,Person_625,male,13.5,,C23
,0,,Person_626,,30.6,83.66,
628.0,1,3.0,Person_627,female,29.3,25.45,
629.0,0,1.0,,male,10.3,24.98,
,0,3.0,,female,9.7,,
631.0,0,1.0,,female,-6.7,,
632.0,1,3.0,Person_631,female,,0.76,
633.0,0,1.0,Person_632,,30.2,,E31
,0,,Person_633,male,32.2,,D12
635.0,1,1.0,Person_634,female,32.8,86.25,
636.0,1,2.0,Person_635,,,101.08,C23
,0,,Person_636,male,29.7,17.14,D12
638.0,0,1.0,Person_637,female,35.6,66.38,
639.0,1,3.0,Person_638,male,12.2,76.21,
,1,1.0,Person_639,female,31.7,,E31
641.0,1,3.0,Person_640,male,39.2,54.83,
,1,2.0,Person_641,female,23.1,126.01,
643.0,1,,,male,44.9,,D12
,0,,Person_643,female,23.5,,E31
645.0,1,3.0,Person_644,female,18.0,,B45
,0,3.0,Person_645,male,37.8,10.67,
,0,3.0,Person_646,male,58.5,64.11,
648.0,0,1.0,,,31.2,108.43,
649.0,1,1.0,Person_648,male,38.9,25.59,B45
650.0,0,2.0,,female,22.9,,
651.0,0,2.0,Person_650,female,12.6,,D12
,1,1.0,,,32.3,76.45,
653.0,0,2.0,Person_652,female,34.5,37.14,
654.0,0,1.0,,,,25.39,
655.0,1,3.0,,,38.8,50.57,
656.0,0,2.0,Person_655,female,20.8,56.89,
,0,2.0,Person_656,female,17.4,,
658.0,0,1.0,Person_657,female,44.8,43.48,
659.0,1,2.0,Person_658,female,44.9,35.08,
660.0,1,2.0,Person_659,female,21.1,30.77,
661.0,1,,Person_660,female,54.1,19.49,
662.0,0,,Person_661,female,26.0,78.24,C23
663.0,0,3.0,Person_662,male,,30.67,
664.0,1,1.0,Person_663,male,28.8,9.85,D12
665.0,0,,Person_664,,37.3,,
666.0,0,3.0,Person_665,male,33.8,,C23
667.0,1,1.0,Person_666,male,33.6,26.12,
668.0,1,2.0,,female,15.7,33.21,D12
669.0,0,1.0,Person_668,,6.4,30.53,E31
670.0,0,2.0,Person_669,male,46.0,,
671.0,0,1.0,,male,22.4,83.21,
672.0,1,1.0,,male,29.3,46.58,C23
673.0,1,3.0,Person_672,,34.6,75.19,
,1,1.0,,,52.8,,
675.0,1,2.0,Person_674,male,32.3,38.49,
676.0,0,,Person_675,female,24.5,78.62,
677.0,1,3.0,,female,,25.83,
678.0,1,2.0,Person_677,,29.5,80.36,
,1,2.0,Person_678,female,,31.15,C23
,1,2.0,Person_679,female,30.4,40.35,
681.0,1,1.0,Person_680,female,29.3,100.1,
682.0,0,1.0,,female,53.0,36.93,B45
683.0,0,2.0,,male,28.8,,
684.0,1,3.0,Person_683,female,,68.49,
685.0,0,1.0,Person_684,female,67.4,56.8,E31
686.0,1,,Person_685,female,,57.65,
687.0,1,2.0,Person_686,male,59.2,48.3,
688.0,0,2.0,Person_687,male,13.8,,E31
689.0,0,1.0,,,26.9,60.45,B45
,1,2.0,,male,39.4,28.03,C23
691.0,1,,Person_690,,37.5,73.27,
692.0,1,2.0,Person_691,,34.3,91.16,
,0,2.0,,male,,4.17,B45
694.0,1,1.0,Person_693,female,6.0,91.21,C23
695.0,1,1.0,Person_694,female,,37.67,D12
,1,,Person_695,female,53.7,46.07,
697.0,0,2.0,Person_696,male,28.5,22.63,C23
698.0,1,,Person_697,male,49.5,55.65,
699.0,1,3.0,Person_698,male,,52.0,
700.0,0,1.0,Person_699,,18.9,82.31,B45
,1,2.0,Person_700,male,14.6,27.76,C23
702.0,1,2.0,Person_701,female,18.1,99.82,C23
703.0,0,,Person_702,female,40.1,69.94,
704.0,1,3.0,,male,17.9,52.73,C23
,0,,Person_704,male,61.4,44.58,B45
706.0,0,3.0,Person_705,male,36.4,40.8,D12
707.0,1,,Person_706,male,45.2,42.76,C23
708.0,1,,Person_707,female,,55.05,E31
709.0,1,,,male,47.0,43.73,D12
710.0,1,,Person_709,male,17.8,30.78,C23
711.0,0,,Person_710,male,50.3,55.23,C23
712.0,1,1.0,Person_711,,,24.91,E31
713.0,0,3.0,Person_712,female,46.9,,C23
714.0,1,2.0,Person_713,male,9.8,,D12
715.0,1,1.0,Person_714,male,,70.9,
716.0,1,1.0,Person_715,female,32.0,,C23
717.0,0,2.0,Person_716,female,,,
718.0,1,1.0,Person_717,female,34.4,59.54,
719.0,1,2.0,Person_718,male,51.6,,E31
720.0,1,2.0,Person_719,male,20.3,40.32,C23
721.0,1,,,female,,70.33,C23
722.0,0,2.0,Person_721,female,14.2,,E31
723.0,1,2.0,,,,,C23
724.0,0,3.0,Person_723,female,41.0,61.35,C23
725.0,0,1.0,Person_724,,54.2,91.04,B45
726.0,0,3.0,,female,39.4,39.31,B45
727.0,0,1.0,Person_726,male,35.5,32.76,
728.0,0,3.0,Person_727,male,41.1,37.4,
,0,2.0,Person_728,male,28.1,4.85,
730.0,1,,Person_729,female,7.4,53.78,
731.0,0,1.0,Person_730,,,,C23
732.0,0,3.0,Person_731,female,19.4,55.91,
733.0,0,3.0,Person_732,female,14.6,,
,1,,Person_733,female,38.9,26.06,
735.0,1,,Person_734,female,26.1,58.2,
736.0,0,3.0,Person_735,,44.4,,
,1,3.0,Person_736,male,19.0,35.35,D12
,0,2.0,Person_737,female,,62.6,B45
739.0,0,2.0,Person_738,male,46.1,52.42,
740.0,1,,Person_739,female,33.9,31.06,
,0,3.0,Person_740,male,,58.48,
742.0,1,2.0,Person_741,female,33.6,41.28,C23
743.0,1,,Person_742,female,,70.91,
744.0,0,1.0,,male,23.3,,
745.0,0,1.0,,,38.4,11.31,
746.0,1,2.0,,female,18.1,,
,0,3.0,,female,,56.88,
748.0,0,3.0,Person_747,male,45.3,17.57,
749.0,0,3.0,Person_748,male,33.1,,D12
,1,3.0,Person_749,,48.0,,
,1,1.0,Person_750,male,,,
752.0,0,,,female,61.1,30.21,
753.0,1,3.0,Person_752,female,8.1,45.74,
754.0,1,1.0,Person_753,female,27.0,,B45
755.0,1,3.0,,female,,69.21,
756.0,1,2.0,,male,15.8,54.47,
757.0,1,1.0,,male,15.9,,
758.0,0,2.0,,male,32.3,25.33,
759.0,0,2.0,Person_758,male,33.2,,D12
760.0,0,1.0,Person_759,male,36.0,,B45
761.0,1,1.0,Person_760,male,14.3,,
762.0,1,,Person_761,male,25.5,43.66,C23
763.0,0,1.0,Person_762,female,16.5,36.8,
764.0,1,1.0,Person_763,,43.1,66.49,D12
765.0,0,1.0,Person_764,,17.8,52.28,
,0,1.0,Person_765,female,27.0,,
767.0,0,3.0,Person_766,male,37.8,80.96,C23
768.0,1,2.0,Person_767,male,,,C23
,1,1.0,Person_768,female,39.7,72.12,C23
770.0,0,3.0,Person_769,male,52.3,17.25,
771.0,0,3.0,Person_770,male,32.7,30.9,
772.0,0,3.0,Person_771,male,42.6,5.73,
773.0,0,2.0,Person_772,,,97.88,
774.0,1,1.0,Person_773,male,24.0,39.3,D12
775.0,1,3.0,Person_774,male,32.6,120.0,
776.0,0,,Person_775,female,15.3,,
777.0,0,2.0,Person_776,male,,,C23
778.0,1,2.0,Person_777,female,44.8,28.75,
779.0,1,3.0,Person_778,female,3.7,63.99,
,0,1.0,Person_779,male,,2.64,D12
781.0,0,3.0,Person_780,female,32.6,,
782.0,0,,Person_781,female,36.4,33.86,
783.0,1,1.0,Person_782,male,,105.53,C23
784.0,1,1.0,Person_783,,,,
785.0,1,1.0,Person_784,female,36.5,41.46,
786.0,0,2.0,Person_785,,,,
,0,,Person_786,male,,,B45
788.0,1,,Person_787,male,,,
,1,1.0,Person_788,female,27.6,48.49,D12
,0,3.0,Person_789,male,,30.83,E31
791.0,1,2.0,Person_790,female,20.8,4.47,B45
792.0,1,,Person_791,female,,20.12,C23
793.0,0,3.0,Person_792,female,35.6,34.94,
794.0,1,1.0,Person_793,female,,42.1,
795.0,0,1.0,Person_794,female,27.4,,
796.0,0,,,female,,47.33,B45
797.0,0,,Person_796,female,30.0,35.34,
798.0,0,2.0,Person_797,male,16.4,,
799.0,0,2.0,Person_798,male,43.8,78.44,
,0,1.0,Person_799,female,25.7,45.95,
,0,2.0,Person_800,female,,57.63,C23
802.0,1,,Person_801,male,29.1,38.84,
803.0,0,3.0,,female,47.8,35.3,C23
804.0,0,3.0,Person_803,male,,50.61,
805.0,1,2.0,Person_804,male,33.1,59.17,C23
,1,1.0,Person_805,male,11.4,1.62,
807.0,1,1.0,Person_806,female,52.7,,
808.0,0,2.0,Person_807,female,21.3,,C23
809.0,1,3.0,,male,43.1,60.14,
,0,2.0,,male,25.4,42.49,
811.0,0,3.0,Person_810,,41.7,87.53,
,0,1.0,Person_811,male,48.3,56.79,
813.0,0,,Person_812,male,39.1,80.07,
814.0,1,,,female,40.6,82.54,
,1,1.0,Person_814,,28.6,16.41,C23
816.0,0,2.0,,female,23.9,27.83,D12
817.0,0,2.0,Person_816,male,31.9,63.55,
,0,3.0,,female,25.2,39.03,E31
819.0,1,2.0,Person_818,,,42.84,C23
820.0,0,3.0,Person_819,,16.1,88.6,C23
821.0,0,1.0,Person_820,,,40.69,
822.0,1,3.0,Person_821,,37.2,20.93,C23
,1,1.0,Person_822,female,33.2,24.99,C23
824.0,0,3.0,Person_823,,50.7,115.47,
825.0,1,2.0,Person_824,female,,,
826.0,1,3.0,Person_825,male,21.1,9.07,
827.0,0,3.0,,female,34.1,3.08,
828.0,1,1.0,Person_827,female,27.4,31.26,
829.0,0,2.0,Person_828,male,37.0,,
830.0,1,,Person_829,female,,78.48,
831.0,0,2.0,Person_830,male,,75.57,B45
,0,3.0,Person_831,male,46.7,49.81,D12
833.0,0,3.0,,male,26.4,36.37,E31
834.0,1,2.0,Person_833,male,36.2,60.19,
,0,3.0,Person_834,female,,2.46,B45
836.0,1,,Person_835,female,35.1,,D12
837.0,0,3.0,Person_836,male,28.5,69.62,
838.0,0,1.0,Person_837,,23.2,76.01,
839.0,1,2.0,Person_838,female,26.2,17.78,E31
840.0,0,3.0,Person_839,male,51.9,88.48,C23
841.0,0,3.0,Person_840,female,17.9,36.2,
842.0,1,1.0,Person_841,male,,21.42,
843.0,0,2.0,,,19.3,48.82,
844.0,0,3.0,Person_843,,31.9,48.12,D12
845.0,0,1.0,Person_844,,,17.64,C23
846.0,0,3.0,Person_845,female,11.1,23.15,
,1,2.0,,male,26.3,,
848.0,1,3.0,,,12.0,21.09,
849.0,0,,Person_848,female,13.1,38.36,C23
850.0,1,,Person_849,female,12.1,8.33,
851.0,0,3.0,,female,,29.26,D12
,1,1.0,Person_851,,40.2,81.35,
853.0,0,1.0,Person_852,male,43.4,74.7,
854.0,0,,Person_853,female,56.9,18.5,C23
,0,1.0,Person_854,male,56.4,,
856.0,0,1.0,Person_855,male,,8.99,D12
857.0,0,,Person_856,female,44.4,122.87,
858.0,0,1.0,Person_857,,31.8,89.01,B45
859.0,1,1.0,,female,,33.21,
860.0,0,2.0,Person_859,male,57.2,61.47,
861.0,1,,,female,35.2,7.97,
862.0,0,2.0,Person_861,female,46.1,51.81,
863.0,1,3.0,Person_862,male,16.9,44.49,B45
864.0,1,3.0,Person_863,female,20.7,24.96,D12
865.0,1,2.0,,male,34.4,35.94,
866.0,0,,,,32.1,32.99,E31
867.0,0,,Person_866,,,16.05,B45
868.0,1,3.0,Person_867,female,63.7,24.26,
869.0,0,3.0,Person_868,,32.4,6.74,
870.0,1,1.0,Person_869,male,23.8,,
871.0,0,1.0,Person_870,male,32.1,22.04,
,1,2.0,Person_871,female,30.4,,
873.0,1,3.0,,,32.6,75.25,C23
874.0,0,3.0,Person_873,male,7.7,61.09,D12
875.0,1,,Person_874,male,48.1,74.14,
876.0,0,2.0,Person_875,,,77.48,B45
877.0,1,1.0,Person_876,,,108.12,
878.0,1,,Person_877,female,34.6,45.32,
879.0,0,1.0,Person_878,male,39.3,6.27,
880.0,0,1.0,Person_879,,17.9,58.13,
881.0,0,2.0,,,41.7,29.93,B45
882.0,1,1.0,,male,33.5,21.27,B45
883.0,0,,Person_882,female,23.6,53.0,D12
884.0,1,3.0,Person_883,female,,75.97,
885.0,1,1.0,Person_884,male,42.6,24.92,
886.0,0,2.0,,male,30.8,,
887.0,0,2.0,,male,36.1,20.31,B45
888.0,1,1.0,Person_887,female,15.6,42.68,
889.0,1,3.0,Person_888,male,,61.59,
890.0,0,,Person_889,female,17.4,38.36,
891.0,0,,Person_890,male,20.1,3.28,
,0,1.0,Person_891,,,77.82,
,0,2.0,Person_892,male,45.6,31.3,
894.0,0,,Person_893,female,,72.35,
895.0,1,3.0,Person_894,male,29.9,,
896.0,1,1.0,Person_895,male,40.8,17.2,B45
,1,2.0,Person_896,male,6.4,75.87,D12
,1,2.0,Person_897,female,19.9,60.22,
,0,2.0,Person_898,male,20.2,36.84,B45
900.0,0,,Person_899,female,47.5,,
901.0,0,2.0,Person_900,female,39.2,,C23
,1,1.0,Person_901,male,32.6,,D12
,1,,Person_902,,33.9,53.86,B45
904.0,0,1.0,,male,52.0,38.79,D12
905.0,0,1.0,Person_904,,27.6,24.94,
906.0,1,2.0,Person_905,male,11.6,52.11,
907.0,1,,Person_906,female,,48.35,D12
908.0,0,,,female,32.5,36.03,
909.0,0,3.0,Person_908,male,43.4,,
,1,1.0,Person_909,,,50.37,B45
911.0,0,1.0,Person_910,male,18.3,36.1,D12
912.0,0,,Person_911,,35.6,18.96,D12
913.0,0,,Person_912,,30.1,51.31,
914.0,1,,,,32.6,98.25,
915.0,1,,,female,,39.0,
916.0,1,,Person_915,female,14.6,94.93,
917.0,1,3.0,Person_916,female,34.0,,C23
,1,2.0,Person_917,,18.5,21.4,
919.0,1,3.0,Person_918,,-6.3,,
920.0,1,,Person_919,female,29.3,113.11,C23
921.0,0,,Person_920,,30.4,46.37,
922.0,0,3.0,Person_921,female,38.7,51.1,
923.0,0,2.0,,female,27.0,0.1,
924.0,0,1.0,Person_923,,9.2,,
925.0,0,,Person_924,,18.5,,
926.0,0,1.0,Person_925,female,48.4,122.88,
927.0,0,3.0,,female,18.3,44.12,B45
928.0,1,,Person_927,female,52.2,0.12,
929.0,1,1.0,Person_928,male,44.7,7.84,D12
,0,3.0,Person_929,male,25.6,48.93,
931.0,0,2.0,Person_930,female,19.8,85.32,
,1,,Person_931,male,44.7,69.12,
933.0,0,3.0,Person_932,male,26.6,63.81,
934.0,0,1.0,Person_933,female,8.4,89.27,E31
,1,,Person_934,,37.9,28.39,
936.0,0,2.0,Person_935,male,,50.57,B45
937.0,1,,,female,45.9,34.39,
938.0,0,,Person_937,male,,,
939.0,1,1.0,Person_938,male,,19.81,
940.0,1,2.0,,,47.8,39.68,B45
941.0,1,,Person_940,male,49.1,49.17,C23
942.0,0,1.0,Person_941,male,,38.86,
,1,2.0,Person_942,,,,
944.0,0,3.0,Person_943,female,,62.15,
945.0,0,2.0,Person_944,female,21.5,87.16,
946.0,0,1.0,Person_945,male,40.7,89.33,C23
947.0,0,1.0,Person_946,,22.2,72.84,D12
,1,2.0,Person_947,male,,12.2,
949.0,1,3.0,Person_948,female,78.9,39.19,C23
950.0,0,,Person_949,male,9.5,41.77,
,0,1.0,Person_950,,61.6,30.29,C23
952.0,1,1.0,,female,25.7,60.27,D12
953.0,0,3.0,Person_952,female,28.8,,
,1,2.0,Person_953,female,20.6,100.81,
955.0,0,1.0,Person_954,male,41.0,85.86,E31
956.0,0,1.0,Person_955,female,9.8,64.35,D12
957.0,1,,,female,4.2,48.14,
958.0,0,2.0,Person_957,male,52.5,86.87,C23
959.0,1,3.0,Person_958,female,18.7,,
,0,2.0,Person_959,male,,83.2,C23
961.0,0,,Person_960,female,14.8,,D12
962.0,0,2.0,Person_961,female,39.9,103.68,C23
963.0,1,1.0,Person_962,female,53.6,85.01,
964.0,0,3.0,Person_963,male,22.6,65.29,
965.0,0,3.0,Person_964,female,2.9,87.68,
966.0,0,2.0,Person_965,female,53.6,37.43,
967.0,0,1.0,Person_966,female,43.0,14.97,
,1,1.0,Person_967,male,23.4,59.65,
969.0,1,3.0,Person_968,male,,48.29,
970.0,0,1.0,Person_969,female,14.5,44.07,
971.0,1,1.0,Person_970,male,49.9,86.49,C23
972.0,0,2.0,Person_971,,22.5,55.01,
973.0,0,1.0,,female,10.1,57.91,
974.0,0,2.0,Person_973,female,33.0,40.19,
,1,3.0,Person_974,female,18.0,76.43,
976.0,1,1.0,Person_975,female,,71.06,C23
977.0,1,3.0,Person_976,,24.0,,
978.0,1,3.0,Person_977,,31.2,35.08,B45
979.0,1,1.0,Person_978,male,10.7,,E31
980.0,1,1.0,Person_979,,49.4,105.16,
981.0,1,3.0,Person_980,male,39.5,75.26,C23
982.0,1,1.0,Person_981,male,,,D12
983.0,1,,Person_982,male,17.4,,C23
,0,,Person_983,male,28.8,38.74,
985.0,1,1.0,Person_984,male,42.6,33.07,
986.0,1,3.0,Person_985,,,47.87,D12
,1,1.0,Person_986,female,44.8,68.97,
988.0,1,1.0,Person_987,female,,58.7,
989.0,1,3.0,Person_988,female,-10.9,56.07,B45
990.0,1,3.0,Person_989,male,47.5,42.76,D12
991.0,1,2.0,Person_990,male,27.7,47.78,
992.0,1,3.0,Person_991,female,39.3,73.9,C23
,1,2.0,Person_992,female,,,
994.0,1,3.0,Person_993,male,,49.66,B45
995.0,1,1.0,,female,,58.64,
,0,2.0,Person_995,female,31.9,73.51,
997.0,0,2.0,Person_996,,49.1,19.7,
,1,2.0,Person_997,female,18.2,18.11,
999.0,1,1.0,Person_998,male,21.9,67.52,C23
1000.0,0,1.0,Person_999,female,21.8,7.13,
